Collection	Sample	Species	Plant_height	Veg_height	Leaf_width	Leaf_length	Sheath_length	Leaf_roll	Leaf_dry	Internode_dist	Culm_diam	Inflor_length	Spikelet_no	Pedicel_length_epu	Glume_length_outer	Glume_length_inner	Spikelet_width	Spikelet_length	Lemma_outer_length	Lemma_inner_length	Striation_no	Lemma_tip	Hair_tuft		
3	1	E_rehmannii_subspicata	460	357	4.46	67.51	23.29	0	0	35.66	0.92	67.81	25	50	62	58	22	64	62	64	7	0	1		
3	2	E_rehmannii_subspicata	535	370	5.21	87.27	27.43	0	0	70.98	1.41	49.07	10	39	64	61	20	68	61	63	8	0	1		
1590	2	E_rehmannii_subspicata	1025	950	3.38	132.02	45.78	0	0	53.69	1.03	24.06	4	29.5	65.5	62	22	68.5	58.5	61	8	0	1		
1659	1	E_rehmannii_subspicata	475	400	6.54	105.19	51.57	0	0	76.05	1.88	36.1	9	30	60.5	60	21	73.5	66	65	8	0	1		
1660	1	E_rehmannii_subspicata	490	405	1.34	20.37	27.2	1	1	106.69	1.32	22.26	7	12	47	42	15	45	25	22	6	0	1		
1649	6	E_rehmannii_rehmannii	725	375	4.55	138.64	57.64	1	0	136.22	1.55	102.12	30	91	69	65	20	69	63	57	9	0	1		
1652	1	E_rehmannii_rehmannii	650	600	6.46	122.2	52.47	0	0	105.29	1.9	119.71	44	181	61	60	25	72.5	64	68	9	1	1		
1653	3	E_rehmannii_rehmannii	670	410	3.58	77.6	46.99	0	0	84.31	1.52	73.3	20	56	73	71	21	81.5	76	79.5	9	1	1		
1567	1	E_rehmannii_filiformis	570	540	0.43	17.16	12.07	0	1	75.38	0.6	5.69	1	18	55.5	51	17.5	48	41	39	16	0	1		
1571	3	E_rehmannii_filiformis	330	310	0.83	12.41	13.08	0	1	47.36	0.4	9.44	1	35	50.5	46.5	14	54.5	43	50	19	0	1		
1583	2	E_rehmannii_filiformis	410	385	1.26	14.52	15.94	1	1	64.52	0.69	7.9	2	16	39	39	12	35	30	30.5	11	0	1		
1591	4	E_rehmannii_filiformis	1040	980	2.36	56.13	24.35	0	0	47.3	1.07	10.53	4	22	60	58.5	19	57	46.5	52	21	0	1		
1592	4	E_rehmannii_filiformis	530	475	0.86	15.77	20.08	1	1	78.36	0.51	7.38	1	35	48.5	45.5	18	50	42	47.5	12	0	1	short	
1615	4	E_rehmannii_filiformis	350	300	1.12	14.49	17.89	1	1	38.28	0.63	7.34	1	28	54	53	14	48	41	45.5	14	0	1		
1	4	E_rehmannii_filiformis	870	805	2.57	117.68	41.67	0	0	109.08	1.19	25.06	7	20	59.5	60	22	58	51.5	54	19	0	1		
4	4	E_rehmannii_filiformis	450	420	0.6	15.28	20.18	1	1	73.87	0.8	24.51	6	33	61	62	16	57.5	49	53	5	1	1		
1658	2	E_rehmannii_filiformis	610	550	1.6	38.51	24.08	1	0	44.79	1.29	24.9	5	27	62	61	20	61	54	58	17	0	1		
1566	2	E_ramosa_aphylla	520	430	1.35	32.25	65.5	1	1	82.34	1.81	55.02	12	66	84	86	22	69	60	65.5	11	1	1		
1570	1	E_ramosa_aphylla	430	350	0.79	12.71	44.79	1	1	152.95	1.43	56.21	14	52	84	82	24	69	66	69.5	11	1	1		
1576	4	E_ramosa_aphylla	320	255	0.72	14.87	55.47	1	1	66.76	1.32	44.92	10	67	72.5	73.5	24	62	53	60	13	1	1		
1585	5	E_ramosa_ramosa	880	650	1.58	6.13	60.61	1	1	121.69	1.8	103.38	38	43	49	48	24	59.5	49	51	0	1	1		
1601	1	E_ramosa_aphylla	710	570	1.8	8.87	44.9	1	1	153.43	1.29	47.17	15	51	62	60.5	15	51	41	48	9	0	1		
1609	2	E_ramosa_aphylla	550	450	0	0	38.76	1	1	122.33	1.1	36.7	11	39	76	77	24	67	57	63	0	1	1		
1622	1	E_ramosa_aphylla	505	375	0.96	7.42	30.02	1	1	120.03	1.3	48.69	12	69	70.5	69.5	21	67	61	63	0	1	1		
1560	2	E_ramosa_ramosa	385	305	1.66	16.83	36.99	1	1	129.08	1.51	39.38	16	64	59	58.5	21.5	62	56	58	0	1	1		
1588	4	E_ramosa_ramosa	840	610	0.1	4.58	53.85	1	1	160.8	3.09	102.26	33	75	79.5	79	29	74.5	69.5	71	2	1	1		
1606	1	E_ramosa_ramosa	365	275	1.35	5.22	30.73	1	1	90.26	1.88	38.67	10	42	58	57	18	52	47	50	0	1	1		
1611	1	E_ramosa_ramosa	720	570	0.89	7.63	67.55	1	1	155.79	2.53	86.55	21	97	62	64.5	26	71	64	67	6	1	1		
1624	1	E_ramosa_ramosa	520	345	1.16	2.22	72.83	1	1	168	2.24	61.61	17	36	67	70.5	22	83.5	72	77	0	1	1		
1626	4	E_ramosa_ramosa	600	330	1.49	10.4	33.94	1	1	116.92	1.29	65.14	19	48	59.5	63	23.5	62.5	58.5	60.5	0	1	1		
1635	2	E_ramosa_ramosa	920	470	0.96	5.74	83.63	1	1	130	2.15	65.01	13	46	72	74	22	75	65	71	0	1	1		
1643	2	E_ramosa_ramosa	810	615	1.74	7.64	75.14	1	1	71.06	2.97	93.88	18	72	78.5	81	27.5	79	72	77	0	0	1		
1645	5	E_ramosa_ramosa	780	485	1.24	24.12	53.49	1	1	121.36	1.65	102.82	19	65	66.5	67	19.5	68	61.5	65	0	0	1		
1654	1	E_ramosa_ramosa	735	575	0.39	3.04	45.89	1	1	109.32	1.53	71.67	17	135	70	66	19	69	58.5	64	0	1	1		
1656	4	E_ramosa_ramosa	630	390	1.1	9.94	52.37	1	1	109.18	1.71	80.44	22	97	63	65.5	21	74.5	68	69.5	18	1	1		
1559	1	E_rupestris_rupestris	280	200	2.02	25.23	12.04	2	0	4.08	0.84	35.49	8	47	24	23	21	51	26	49	0	2	0		
123	1	E_rupestris_rupestris	230	120	3.48	31.21	11.51	2	0	5.64	1.4	31.43	7	37	21	21	17	54	19	52	0	2	0		
1563	1	E_rupestris_rupestris	400	275	2.78	46.01	19.77	2	0	10.96	1.3	38.07	8	32	26	24	18	53	26	52	0	2	0		
2	1	E_rupestris_rupestris	470	395	1.6	22.88	12.35	2	0	22.88	0.76	23.97	5	26	18.5	20	16	51.5	24	49.5	0	2	0		
1605	2	E_rupestris_rupestris	240	170	2.14	32.56	12.66	2	0	3.17	1.24	19.81	5	34	23	24	21	47.5	21	45	0	2	0		
1634	7	E_rupestris_rupestris	270	175	3.16	33.98	18.89	2	0	5.98	1.66	29.31	7	14	16	18.5	18	52	22	50	0	2	0		
1655	1	E_rupestris_rupestris	360	180	1.96	24.3	15.44	2	0	5.69	0.88	26.11	7	22	18	19	15.5	50	23	51	0	2	0		
1565	1	E_rupestris_dodii	170	170	0.59	48.68	12.99	1	0	16.67	0.5	10.8	2	66	13.5	13	12	45	13.5	41	0	2	0		
1573	1	E_rupestris_dodii	350	350	0.88	35.66	10.35	0	0	17.68	0.35	8.53	1	50	16.5	16	10	47.5	14	45	0	2	0		
1578	3	E_rupestris_dodii	210	180	0.76	50.31	12.71	0	0	24.06	0.55	9.94	1	53	15	17	12	49	16	45.5	0	2	0		
1602	2	E_rupestris_dodii	190	130	0.72	55.85	13.2	1	0	15.95	0.58	11.1	1	58	14	14	14	53.5	18	53	0	2	0		
1616	2	E_rupestris_dodii	290	290	0.8	39.2	7.76	1	0	31.08	0.4	9.7	1	51	13	13.5	11	45.5	14.5	44	0	2	0		
1639	6	E_rupestris_dodii	270	220	1.42	44.81	13.71	1	0	31.81	0.41	16.75	3	19.5	17	17	14	52	17.5	51	0	2	0		
1558	1	E_rupestris_tricostata	335	335	0.9	27.78	11.06	1	0	14.55	0.76	12.11	2	66	33	31	14	55	15	53	0	2	0		
1579	3	E_rupestris_tricostata	375	220	2.08	31.93	49.41	1	1	152.5	1.35	37.86	6	12.5	17	24	14	58	19	56.5	0	2	0		
1586	2	E_rupestris_tricostata	520	420	2.12	53.82	16.76	1	0	23.05	1.12	26.52	6	41	28	27	20	51	13	50	0	2	0		
1594	4	E_rupestris_tricostata	470	455	2.6	78.13	32.25	0	1	87.36	1.44	22.61	5	8	21	23	12	50	14.5	49	0	2	0		
1603	2	E_rupestris_tricostata	385	285	1.74	64.69	45.24	1	0	134.67	0.82	36.32	7	9	20	17.5	12	54	17	51	0	2	0		
1618	3	E_rupestris_tricostata	420	405	1.98	59.89	33.85	1	0	47.3	0.93	26.5	6	23	14	12	13.5	46.5	12	45.5	0	2	0	serrated leaves	
1619	1	E_rupestris_tricostata	310	260	1.76	48.04	18.39	1	0	34.43	0.76	22.78	5	36	14.5	15	12	43.5	12	43.5	0	2	0	serrated leaves	
1621	3	E_rupestris_tricostata	365	310	2.22	53.95	14.87	1	0	14.52	0.76	30.65	6	42	17	15.5	13	48	15	46.5	0	2	0	serrated leaves	
1632	3	E_rupestris_tricostata	430	365	1.08	81.55	30.79	1	0	56.3	0.85	29.21	5	42.5	40	38	12.5	64	19.5	62	0	2	0		
1640	2	E_rupestris_tricostata	355	285	1.24	42.28	15.2	1	0	15.64	0.65	24.98	3	29	33	27.5	16.5	61	25	56	0	2	0		
1648	1	E_rupestris_tricostata	295	250	1.47	90.8	21.48	1	0	22.15	0.79	34.73	5	71	21	20	11	61	26	59	0	2	0		
1657	2	E_rupestris_tricostata	320	280	1.34	42.15	10.46	1	0	15.24	0.71	25.05	5	21	24.5	24	18	59	13.5	46	0	2	0		
1661	1	E_rupestris_tricostata	420	310	0.8	4.38	31.09	1	1	121.63	0.94	23.77	5	8	17	17	13	49	12	48.5	0	2	0		
1589	4	E_setacea_disticha	145	145	2.66	20.21	3.99	2	0	3.84	1.09	8.81	2	2	37	36	16	45.5	19	43	0	2	0		
1597	5	E_setacea_disticha	200	190	1.24	18.66	5.91	2	0	5.91	0.74	8.08	2	16	35	34	17	46	18	44	0	2	0		
1598	6	E_setacea_disticha	55	45	1.22	9.76	3.25	2	0	1.77	0.51	5.43	1	25	31	30	16	39	11	38	0	2	0		
1599	5	E_setacea_disticha	120	120	1.7	34.47	11.84	2	0	12.95	0.69	13.09	4	11	44	42.5	14	51	18.5	47	0	2	0		
1572	5	E_setacea_uniflora	530	510	1.06	37.65	12.19	0	0	36.5	0.34	19.23	4	17	55	54	15	45	19	43.5	0	2	0		
1604	2	E_setacea_uniflora	950	920	0.86	54.12	28.1	0	0	89.96	0.52	8.15	2	13	59	54.5	13	45	15	42	0	2	0		
1631	5	E_setacea_scabra	260	175	2.7	35.27	10.41	2	0	7.42	0.86	30.05	8	26	51	54	22	67.5	38	67	0	2	0		
1636	2	E_setacea_scabra	390	300	1.89	57.77	16.39	1	0	9.83	1.18	40.53	9	29	53	53	16.5	63	34	62	0	2	0		
1557	1	E_setacea_setacea	380	335	1.68	30.63	10.22	1	1	10.58	0.95	22.34	5	30	34	31	14.5	46.5	13	43	0	2	0	Knobbled	
1564	2	E_setacea_setacea	350	305	1.92	89.56	23.48	1	0	19.82	1.2	46.31	9	58	56	46	18	63	17	59	0	2	0		
1568	1	E_setacea_setacea	170	130	2.11	46.91	17.27	1	0	5.66	0.93	29.43	6	59	60	54	18	59	17	58	0	2	0		
1569	1	E_setacea_setacea	220	160	2.56	44.16	17.55	1	0	8.4	1.15	44.39	8	71	50	54	13	64	17	62	0	2	0		
1577	5	E_setacea_setacea	380	215	2.28	84.47	20.25	1	0	13.02	1.47	44.9	7	44	61	51	19	57	17	53	0	2	0	Knobbled	
1580	1	E_setacea_setacea	415	315	2.45	69.59	22.13	1	0	19.38	2.22	44.58	9	71	56	41	17	53	16	53	0	2	0		
1582	1	E_setacea_setacea	840	725	2.22	76.51	25.43	1	0	7.67	1.82	44.06	8	31	57.5	47	18.5	57	16	56	0	2	0		
1587	5	E_setacea_setacea	730	650	2.04	35.99	17.7	1	0	12.22	1.06	31.22	7	38	39	33	19	51	16	51	0	2	0		
1593	2	E_setacea_setacea	670	655	2.77	77.45	18.89	1	0	19.45	1.19	24.52	8	14	59	58.5	14	56	21	54.5	0	2	0		
1595	2	E_setacea_setacea	315	240	2.94	47.06	13.59	0	0	15.29	1.18	27.54	6	18	70	71	15	68	21	67	0	2	0		
1600	4	E_setacea_setacea	280	210	2.05	42.52	9.12	0	0	7.4	1.3	27.41	6	28.5	61	64	21	76.5	30.5	76	0	2	0		
1610	5	E_setacea_setacea	440	300	2.76	61.67	22.48	1	0	13.02	1.3	34.18	6	28	28	36	14	54	16	49	0	2	0		
1614	1	E_setacea_setacea	210	95	2.02	44.96	16.4	1	0	9.06	0.77	25.96	5	16	65	48	19	65	22	65	0	2	0		
1629	4	E_setacea_setacea	590	450	1.89	71.21	25.7	1	0	28	1.65	44.23	9	41	56	52	19	58	18	55	0	2	0		
1633	5	E_setacea_setacea	335	275	2.2	46.17	13.94	1	0	8.95	0.9	29.14	6	46	66	51	15	50	15	50	0	2	0		
3	3	E_rehmannii_subspicata	490	360	4.59	77.53	47.07	0	0	46.95	1.05	40.64	9	11.5	69	59	20	68	60	62	8	1	1		16
1590	1	E_rehmannii_subspicata	700	715	3.14	144.03	38.77	0	0	68.33	1.03	22.28	3	39	66	62	21	68	59	62.5	9	1	1		15
1590	3	E_rehmannii_subspicata	1135	1020	4.86	161.16	44.52	0	0	75.19	1.46	85.86	19	62	64	61.5	18	65	58	60.5	10	1	1		20
1659	6	E_rehmannii_subspicata	680	520	4.82	103.83	43.22	0	0	63	0.87	49.74	10	43	79	73.5	17	78	70	73	7	1	1		11
1659	4	E_rehmannii_subspicata	440	320	3.39	96.67	37.52	0	0	113.24	1.09	51.04	12	40	76	70	20	78	70	72.5	8	1	1		13
1660	4	E_rehmannii_subspicata	460	370	1.82	25.67	24.81	1	1	99.29	1.56	34.34	8	17.5	45.5	44.5	13	45	42	42	9	1	1		9
1660	5	E_rehmannii_subspicata	430	350	1.54	29.09	17.93	1	1	89.07	1.26	23.05	6	27	39.5	37.5	16	46	42	44	6	1	1		11
1647	1	E_rehmannii_rehmannii	780	640	3.26	93.14	22.66	0	0	79.51	1.13	48.7	8	44	69	68	16	65.5	59	60	9	0	1		11
1649	1	E_rehmannii_rehmannii	990	620	3.79	83.77	55.22	0	0	165.5	1.84	108.51	30	52	53	51	18	59	52	55.5	0	0	1		10
1649	2	E_rehmannii_rehmannii	760	530	3.22	132	31.78	0	0	67.72	1.04	66.59	20	74	57	55	20.5	59	55.5	58.5	7	0	1		13
1652	2	E_rehmannii_rehmannii	700	620	4.24	119.68	60.85	0	0	88.31	0.91	35.47	7	27	60	57.5	22	70.5	62	67	5	0	1		14
1652	3	E_rehmannii_rehmannii	930	790	5.42	146.69	40.54	0	0	90.52	0.72	71.76	15	61	60.5	62	22	72	61	68	11	0	1		13
1653	1	E_rehmannii_rehmannii	645	565	3.26	101	45.96	0	0	102.47	1.37	53.63	12	68	69	70	21	78.5	71	75.5	7	1	1		21
1653	2	E_rehmannii_rehmannii	640	445	3.22	82.71	53.28	0	0	113.79	1.18	56.5	13	70	72.5	74	21	79.5	72	76.5	6	1	1		18
1567	3	E_rehmannii_filiformis	295	290	0.9	15.02	10.8	1	0	29.4	0.56	7.25	1	15	37	37	14	43	33	39	20	0	1		5
1567	2	E_rehmannii_filiformis	685	675	1.41	52.44	31.71	1	1	121.22	1.01	9.99	1	47	71.5	68	14	58	46.5	52	21	0	1		5
1571	2	E_rehmannii_filiformis	600	595	0.74	14.99	10.51	1	1	77.67	0.52	6.92	1	39	56.5	56	14	55	44	50	16	0	1		
1571	1	E_rehmannii_filiformis	345	325	0.86	18.85	20.07	1	1	56.04	0.52	7.1	1	30	50	47	13	51	39	46	12	0	1		
1589	2	E_setacea_disticha	190	165	2.14	24.66	4.63	2	0	4.6	1.2	15.84	5	9	48	47	14	48	24	45	0	2	0		
1583	1	E_rehmannii_filiformis	385	370	0.68	11.52	16.51	1	1	76.78	0.54	9.9	1	26	51	47	15	46	34	42	12	0	1		
1583	3	E_rehmannii_filiformis	345	325	1	13.1	8.96	1	1	54.35	0.73	8.96	1	18	41	40	13	42.5	35.5	40.5	10	0	1		
1	2	E_rehmannii_filiformis	650	545	2.74	63.59	37.39	1	0	81.35	0.89	48.06	7	56	78	74	19	64	60	60	17	0	1		
1	5	E_rehmannii_filiformis	625	545	1.64	75.42	29.58	1	0	70.26	1.04	40.39	7	49	69.5	68	15.5	62	60	57	17	0	1		
4	3	E_rehmannii_filiformis	545	455	1.58	24.39	26.4	1	0	66.05	0.89	40.75	10	23	65	61.5	15	59	49	52	7	1	1		
4	2	E_rehmannii_filiformis	570	535	2.14	53.33	20.87	1	1	52.65	1.02	25.37	5	28	56.5	57	14	50	47	49	7	1	1		
1591	2	E_rehmannii_filiformis	465	415	2.32	42.71	29.86	0	0	51.72	0.77	16.09	4	36	51	50	14	51.5	39	48.5	11	0	1		
1591	6	E_rehmannii_filiformis	550	485	1.64	26.4	18.53	1	1	64.48	0.67	10.38	3	18	55	54.5	16	55	45	51	11	0	1		
1592	1	E_rehmannii_filiformis	455	400	0.94	21.7	12.13	1	0	42.62	0.22	9.17	2	19	44	42	14	47	41	44	8	0	1		
1592	2	E_rehmannii_filiformis	450	415	1.22	29.68	19.23	1	0	34.69	0.48	8.15	1	40	52	54	15	50	44	46	5	0	1		
1615	3	E_rehmannii_filiformis	240	210	0.56	14.94	12.12	1	1	52.34	0.69	12.08	2	40	56	55.5	15	56	47	52	19	0	1		
1615	6	E_rehmannii_filiformis	470	445	0.84	17.47	11.02	1	0	66.14	0.6	9.05	1	31	53	54	15.5	54	46	51	15	0	1		
1658	1	E_rehmannii_filiformis	420	405	1.3	32.28	20.1	1	1	71.95	0.91	9.42	1	37	55	52.5	17	58	51.5	55	11	1	1		
1658	5	E_rehmannii_filiformis	365	305	1.66	24.53	18.85	1	1	69.39	0.71	13.04	2	46	57	55	16	59	52.5	56	15	1	1		
1566	1	E_ramosa_aphylla	610	450	1.34	6.93	45.67	1	1	100.37	2.29	76.09	12	65	94	95	25	74	66	71.5	17	1	1		
1566	4	E_ramosa_aphylla	405	245	1.02	4.16	46.46	1	1	110.49	1.46	66.19	18	49	68	70	18	61	57	59	0	1	1		
1570	5	E_ramosa_aphylla	530	390	1.36	16.07	57.19	1	1	141.68	1.12	47.68	9	42	83	84	16.5	67	61	62	22	1	1		
1570	6	E_ramosa_aphylla	460	330	0.92	7.48	48.42	1	1	111.22	1.56	40.11	9	43	91	85	18	67	62	64.5	20	1	1		
1576	6	E_ramosa_aphylla	355	250	0.67	6.31	48.49	1	1	118.8	1.57	38.3	7	56.5	78.5	77.5	18	64	53	59	20	1	1		
1576	5	E_ramosa_aphylla	420	240	1.32	22.42	59.55	1	1	113.91	1.64	59.63	12	90	81	83	25	66	58	62	0	1	1		
1601	2	E_ramosa_aphylla	550	480	1.28	22.65	36.02	1	1	114.83	1.49	36.99	12	37.5	64	63	15	52	43	50	0	1	1		
1601	3	E_ramosa_aphylla	880	630	0.9	26.15	58.54	1	1	129.5	1.6	80.2	25	86	69.5	74	16	57.5	50.5	53	0	1	1		
1609	1	E_ramosa_aphylla	540	450	0.83	11.83	44.57	1	1	93.59	1.61	44.11	10	37	60	59	20	59	51	54	0	1	1		
1609	3	E_ramosa_aphylla	520	465	0.86	16.55	43.34	1	1	177	1.47	38.05	10	17	68	67	23	66	62	56	0	1	1		
1622	2	E_ramosa_aphylla	440	340	0.52	7.41	49.84	1	1	133.01	0.49	49.63	14	62	63	64	24	60	54	58	0	1	1		
1622	4	E_ramosa_aphylla	595	410	1.26	10.07	31.75	1	1	92.28	1.45	71.95	23	81	67.5	69	19	67	59	64	0	1	1		
1560	1	E_ramosa_ramosa	565	430	0.77	8.33	42.92	1	1	158	1.54	43.68	13	37	59.5	62	16	58	51	55	0	1	1		
1560	6	E_ramosa_ramosa	395	340	1.46	9.6	40.98	1	1	94.49	1.88	41.23	17	20	51	51	20	57	49	51	0	1	1		
1588	5	E_ramosa_ramosa	630	535	1.33	8.63	65.08	1	1	104.03	2.74	108.93	33	44	62	66	22	68	58	64	0	1	1		
1588	3	E_ramosa_ramosa	715	635	1.16	7.23	67.78	1	1	102.7	3.19	89.34	24	42	64	67	22	69	59	66	0	1	1		
1585	6	E_ramosa_ramosa	775	660	1	6.88	40.63	1	1	132.21	2.67	50.61	15	40	51	51	19	61	55.5	58	0	1	1		
1585	3	E_ramosa_ramosa	1210	1060	0.49	5.34	42.64	1	1	234	2.45	85.51	26	71	64	63.5	17	62.5	52	59	0	1	1	seeds	
1606	2	E_ramosa_ramosa	525	440	0.93	5.07	53.76	1	1	100.25	1.73	45.79	13	50	62	62	17	63	55	59	0	1	1		
1606	3	E_ramosa_ramosa	550	435	1.76	5.91	33.99	1	1	91.23	1.95	46.1	18	48	51	52	20	54.5	47	54	0	1	1		
1611	3	E_ramosa_ramosa	850	705	0.79	6.94	66.76	1	1	113.68	2.55	67.52	19	46	61	63.5	23	66	58	63	0	1	1		
1611	2	E_ramosa_ramosa	920	755	1.26	6.31	72.49	1	1	97.45	2.24	90.52	27	75	62.5	65	23	71	63	69	0	1	1		
1624	2	E_ramosa_ramosa	490	300	0.75	2.54	79.22	1	1	182.5	1.93	63.27	17	85	67.5	71	24	82	74	80	0	1	1		
1624	3	E_ramosa_ramosa	510	315	2.24	3.48	73.88	1	1	178	2.1	54.89	15	49	70	71	22	86	74	81	0	1	1		
1626	3	E_ramosa_ramosa	680	370	0.81	3.54	87.17	1	1	141.97	2.37	71.92	19	72	60	64	20	68	60	65	0	1	1		
1626	6	E_ramosa_ramosa	690	510	1.46	17.35	36.66	1	1	57.8	2	67.95	15	95	66	66	20	69	60	65	0	1	1		
1635	6	E_ramosa_ramosa	940	700	0.94	7.21	98.72	1	1	102.76	2.62	62.06	10	64	69.5	65	23	70	61	65	0	1	1		
1635	3	E_ramosa_ramosa	530	355	1.15	9.25	73.2	1	1	99.6	2.26	113.96	22	96	77	76	18	81	64.5	70	0	0	1		
1643	3	E_ramosa_ramosa	680	530	1.76	9.71	66.98	1	1	105.52	2.8	83.97	14	41	63	62.5	18	69	61	65	0	1	1		
1643	6	E_ramosa_ramosa	590	350	1.31	6.5	42.91	1	1	117.3	2.42	60.36	10	80	63	65	22	74	60.5	65	0	1	1		
1645	6	E_ramosa_ramosa	540	380	1.32	11.92	43.42	1	1	93.97	1.84	72.56	16	39	62	63.5	18	66	58	62	0	1	1		
1645	1	E_ramosa_ramosa	735	485	1.68	24.75	68.23	1	1	129.26	2.27	87.52	19	66.5	67	70	17	75	63	69	0	1	1		
1654	6	E_ramosa_ramosa	560	390	0.85	4.44	48.28	1	1	104.14	2.06	77.62	24	41	65	62	20	72	65	68	0	1	1		
1654	4	E_ramosa_ramosa	450	300	0.87	3.85	47.2	1	1	83.95	1.58	46.76	7	36.5	78	77	18	70	58	65	0	1	1		
1656	3	E_ramosa_ramosa	445	330	1.01	3.05	38.18	1	1	78.5	2.76	60.72	13	51	62	60	19	67	58	62.5	0	0	1		
1656	5	E_ramosa_ramosa	700	485	1.1	2.99	42.14	1	1	101.44	2.3	46.86	18	51	64	68.5	16	62	51.5	58	0	0	1		
123	2	E_rupestris_rupestris	240	165	2.72	34.54	16.03	2	0	3.94	1.18	27.81	8	25	22	22	17	46	22.5	44	0	2	0		
2	2	E_rupestris_rupestris	310	250	0.98	9.11	8.55	2	0	2.35	0.84	25.88	6	34	15	17	13	50	24.5	50	0	2	0		
1559	2	E_rupestris_rupestris	310	200	2.5	30.67	14.71	2	0	4.63	1.09	29.18	6	28.5	27	28.5	14	52	23	52	0	2	0		
1559	3	E_rupestris_rupestris	220	145	2.79	30.29	15.57	2	0	4.47	1.13	29.5	6	44	19	21	18	54	26	54	0	2	0		
1605	1	E_rupestris_rupestris	325	210	3.42	36.67	13.64	2	0	6.08	1.14	30.62	6	29.5	22.5	24	15	49	20	48	0	2	0		
1605	3	E_rupestris_rupestris	295	200	2.48	36.89	14.63	2	0	6.31	1.41	24.47	5	33	23	24	20	47	25	46	0	2	0		
1634	1	E_rupestris_rupestris	415	375	2.62	40.49	15.97	2	0	3.6	1.32	23.39	5	26	19	18	19	48.5	18	47.5	0	2	0		
1634	2	E_rupestris_rupestris	385	275	3.16	25.79	12.59	2	0	3.5	0.95	25.42	5	23	18	21	16	52	26	52	0	2	0		
1655	2	E_rupestris_rupestris	290	185	2.38	23.38	11.92	2	0	4.67	0.85	30.23	6	41	19	20.5	16.5	55	28	54	0	2	0		
1655	1	E_rupestris_rupestris	300	210	1.44	18.67	9.86	2	0	6.28	0.62	30.23	5	41	18	20	15	54.5	27.5	54.5	0	2	0		
1565	2	E_rupestris_dodii	260	255	1.02	61.1	11.11	1	0	37.19	0.54	13.44	3	16	12	11	12	43	14	42.5	0	2	0		
1565	4	E_rupestris_dodii	230	230	1.24	74.29	18.78	1	0	26.88	0.46	11.48	3	18	15	13	11	43.5	14	43	0	2	0		
1578	6	E_rupestris_dodii	250	220	0.86	48.71	13.66	1	0	22.98	0.67	11.2	2	21	14	14.5	13	46	16.5	43	0	2	0		
1578	2	E_rupestris_dodii	245	245	1.1	61.86	12.15	1	0	23.92	0.43	10.34	2	27	16	17	9	44	14	42	0	2	0		
1602	1	E_rupestris_dodii	240	220	0.75	66.86	5.78	1	0	19.13	0.27	10.22	1	44	17	17.5	12	54	12	54	0	2	0		
1602	3	E_rupestris_dodii	255	195	0.72	44.02	6.75	1	0	13.06	0.43	11.11	1	43.5	16	15	13	52	20	52	0	2	0		
1616	1	E_rupestris_dodii	210	190	0.61	42.19	8.99	1	0	6.65	0.38	10.45	2	8	12	13	10	42	13	40	0	2	0		
1616	4	E_rupestris_dodii	135	130	1.18	48.25	8.32	1	0	10.92	0.28	8.95	2	15	14	14	11	43	14	41	0	2	0		
1639	3	E_rupestris_dodii	580	530	1.38	76.4	25.11	1	0	46.93	0.52	15.72	2	21	11	14	12	46.5	14	46	0	2	0		
1639	4	E_rupestris_dodii	530	450	1.12	32.24	22.6	1	0	56.85	0.58	15.94	2	71	19	18	13	53	16	51.5	0	2	0		
1558	3	E_rupestris_tricostata	330	335	0.94	25.46	11.91	1	0	17.47	0.85	16.88	3	26	38.5	37	16.5	57.5	17	56	0	2	0		
1558	6	E_rupestris_tricostata	320	305	0.9	20.01	6.83	1	0	7.08	1.15	15.42	3	29	32.5	30	15	53	14.5	50	0	2	0		
1579	2	E_rupestris_tricostata	410	230	2.42	38.26	46.09	1	1	160.5	1.32	35.1	6	28	22	36	13	57	16	56	0	2	0		
1579	1	E_rupestris_tricostata	400	300	2.22	44.36	46.37	1	1	188.5	0.97	37.28	6	9.5	26	28	11	71	26	69	0	2	0		
1586	3	E_rupestris_tricostata	570	510	1.8	46.35	14.73	1	0	22.75	1	28.27	5	44	34	33	16	50.5	15	49	0	2	0		
1586	5	E_rupestris_tricostata	430	365	2.38	55.51	20.73	1	0	31.22	0.86	31.65	6	64	33	30	17	56	19	54	0	2	0		
1594	1	E_rupestris_tricostata	440	350	1.98	60.61	26.38	1	1	93.98	1.18	32.54	7	9	18.5	19	13	51.5	14.5	51	0	2	0		
1594	6	E_rupestris_tricostata	570	455	1.37	10.91	45.95	1	1	177.8	1.16	43.36	7	10	20	19	13	54	11	53	0	2	0		
1603	3	E_rupestris_tricostata	430	225	1.13	14.85	52.06	1	0	131.28	1.1	45.27	9	5	18	17	11.5	49.5	15	48	0	2	0		
1603	1	E_rupestris_tricostata	340	230	1.48	26.28	45.93	1	0	102.54	0.86	33.76	6	8	18	18	14	53	19	49	0	2	0		
1618	1	E_rupestris_tricostata	460	430	1.88	48.89	13.64	1	0	34.26	0.49	22.48	5	32.5	19	18	15	49	15	47.5	0	2	0		
1618	4	E_rupestris_tricostata	305	280	1.6	49.73	16.18	1	0	22.31	0.55	22.64	5	36	14	14	13	48	11	46.5	0	2	0		
1621	1	E_rupestris_tricostata	410	335	2	85.63	31.5	1	0	48.97	0.75	37.94	8	64	14	12	14	50	14.5	50	0	2	0		
1621	5	E_rupestris_tricostata	265	185	1.9	55.21	19.93	1	0	13.41	0.67	31.08	6	51	18.5	17	15	52	15	51.5	0	2	0		
1632	1	E_rupestris_tricostata	250	140	1.08	49.32	10.86	1	0	18.12	0.68	24.23	4	34	26	22	14	50	17	49	0	2	0		
1632	2	E_rupestris_tricostata	210	130	0.96	27.4	14.98	1	0	38.77	0.62	26.81	5	37	29	24	14	50.5	16	50	0	2	0		
1640	4	E_rupestris_tricostata	240	195	1.03	35.43	9.8	1	0	13.43	0.64	11.62	2	24.5	27.5	29	13	57	25	55.5	0	2	0		
1640	1	E_rupestris_tricostata	430	350	0.98	35.95	10.91	1	0	26.35	0.76	21.64	4	72	28	28.5	16	63	22	60	0	2	0		
1648	3	E_rupestris_tricostata	360	275	1.56	90.23	18.81	1	0	18.96	0.63	23.31	6	41	19	22	12	57	22	54	0	2	0		
1648	5	E_rupestris_tricostata	350	270	1.74	104.9	24.01	1	0	25.29	0.82	33.89	7	63	21	21	12	65.5	27	63	0	2	0		
1657	3	E_rupestris_tricostata	445	385	1.52	56.8	11.99	1	0	40.96	0.7	20.56	4	18	23	21	15	57	16.5	55.5	0	2	0		
1657	5	E_rupestris_tricostata	370	310	1.88	66.7	20.19	1	0	25.6	0.72	16.33	3	24	25	25	15	57	15	54	0	2	0		
1661	3	E_rupestris_tricostata	490	385	0.94	5.16	38.79	1	1	107.46	1	25.17	6	13	21	20	12.5	49	18	48	0	2	0		
1661	5	E_rupestris_tricostata	605	465	1.11	14.03	57.97	1	1	129.81	1.7	39.06	8	14	19	20.5	13	49	12	48	0	2	0		
1589	3	E_setacea_disticha	180	150	1.14	13.84	3.16	2	0	2.73	0.85	11.76	5	6	33.5	36	17	43	18	1	0	2	0		
1589	1	E_setacea_disticha	185	165	1.78	26.68	4.31	2	0	5.74	1.13	9.97	3	12	36	39	15	46	23	43	0	2	0		
1597	4	E_setacea_disticha	170	155	1.02	21.83	5.83	2	0	7.1	0.77	5.09	1	43.5	36	39	14	43	17.5	41	0	2	0		
1597	1	E_setacea_disticha	160	140	1.72	12.8	4.33	2	0	2.53	1.05	6.49	1	27	40	38	14	45	13.5	43	0	2	0		
1598	1	E_setacea_disticha	75	75	1.4	17.13	5.8	2	0	2.93	0.77	5.87	1	26	31	31	13.5	51.5	15	47	0	2	0		
1598	2	E_setacea_disticha	70	70	1.44	16.45	4.36	2	0	1.99	0.66	6.65	1	23	38	35	15	49	15	41.5	0	2	0		
1599	1	E_setacea_disticha	150	140	1.23	28.77	10.13	1	0	5.22	0.71	15.04	4	14.5	46	46	4	52	18	51	0	2	0		
1599	2	E_setacea_disticha	140	120	1.46	30.36	7.08	1	0	4.75	0.6	14.78	3	12	47	48	15	50	20	49	0	2	0		
1572	6	E_setacea_uniflora	805	785	1.39	48.26	23.06	0	0	37	0.37	19.25	3	13.5	53	52	15	46	22	44.5	0	2	0		
1572	3	E_setacea_uniflora	660	655	1.35	72.6	27.57	0	0	60.94	0.53	14.38	3	18	60	59	12	48	19	46	0	2	0		
1604	1	E_setacea_uniflora	460	440	0.68	34.98	17.25	0	0	76.72	0.44	10.86	2	32	52	49	10	46	18	43	0	2	0		
1604	3	E_setacea_uniflora	670	625	1.43	75	30.29	0	0	66.27	0.28	9.16	2	14	46	44	10	44	12	40	0	2	0		
1631	1	E_setacea_scabra	340	260	2.4	56.89	22.04	1	0	14.56	0.69	58.4	14	38	54	54	17	64	31	63	0	2	0		
1631	4	E_setacea_scabra	305	215	1.78	57.67	14.65	1	0	8.01	1.29	43.29	9	23	53	54	19	71	35	69	0	2	0		
1636	3	E_setacea_scabra	540	390	2.46	62.79	20.65	1	0	16.16	1.41	56.45	13	57	51	48	17	70	30	70	0	2	0		
1636	4	E_setacea_scabra	365	280	2.43	62.87	16.55	1	0	19.63	1.17	48.96	8	73	60	59.5	18	76	41	74	0	2	0		
1642	1	E_setacea_scabra	440	270	1.84	56.28	16.13	1	0	12.26	1.34	39.59	11	52	45	44	19	68	32	64.5	0	2	0		
1644	2	E_setacea_scabra	610	390	4.49	63.24	32.68	0	0	24.75	2.03	72.4	13	54	52	51	18	67	40	66	0	2	0		
1644	3	E_setacea_scabra	640	480	3.68	88.52	28.87	1	0	16.43	1.44	61.39	14	25	46	47	18.5	64	33	63.5	0	2	0		
1557	4	E_setacea_setacea	305	290	1.5	35.73	11.85	1	0	14.22	1.03	18.8	4	25	34.5	32.5	18.5	48	16	49	0	2	0		
1557	6	E_setacea_setacea	395	400	1.78	45.15	12.89	1	0	4.58	0.78	20.79	5	32	41	36	22.5	56	18	54	0	2	0	Matt	
1564	3	E_setacea_setacea	295	235	2.68	89.92	26.11	1	0	22.1	1.29	38.23	7	50	53	42	19	57	18	57	0	2	0	Matt	
1564	1	E_setacea_setacea	230	180	1.88	54.56	27.4	1	0	10.81	1.17	35.13	7	57.5	56	46	17	57	17	59	0	2	0	Matt	
1568	2	E_setacea_setacea	445	340	1.67	87.13	18.27	1	0	15.86	1.04	49.71	11	72	57	54	21	60	16	59	0	2	0	Matt	
1569	5	E_setacea_setacea	230	160	1.52	51.86	16.45	1	0	11.87	1.08	30.35	7	50	54	47	19	55	17	54.5	0	2	0	Matt	
1569	2	E_setacea_setacea	360	245	2.28	74.43	18.4	1	0	9.71	1.18	46.83	8	58	55	49	17	60	17	59	0	2	0	Matt	
1577	1	E_setacea_setacea	345	245	1.68	57.1	22.7	1	0	12.97	1.25	38.91	9	31	67	50	17	52	16	52	0	2	0		
1577	4	E_setacea_setacea	450	230	2.52	74.4	18.32	1	0	18.14	1.32	47.83	11	48	58	53	17	58	17.5	57	0	2	0	Matt	
1587	6	E_setacea_setacea	730	650	2.1	44.37	16.31	1	0	16.37	1.49	26.77	5	34	39	33.5	15	52	13	50	0	2	0	Matt	
1587	3	E_setacea_setacea	570	500	2.18	48.56	19.72	1	0	19.96	1.05	34.3	8	40.5	35	31	18	52	17	51	0	2	0	Matt	
1593	2	E_setacea_setacea	650	630	1.14	51.47	9.51	1	0	15.31	0.93	27.99	8	12.5	66	60	14	53	19	52	0	2	0	Matt	
1593	5	E_setacea_setacea	440	395	1.24	35.77	10.19	1	0	10.77	1.09	14.44	4	6	45	48	14	48	17	44.5	0	2	0	Matt	
1595	3	E_setacea_setacea	375	285	2.78	37	11.99	0	0	8.33	1.06	28.2	6	12	68.5	71	17	73	30.5	71	0	2	0	Matt	
1595	1	E_setacea_setacea	470	355	1.28	43.17	13.33	0	0	16.86	0.91	28.74	5	16.5	77	75	15	73	31	72	0	2	0	Matt	
1600	1	E_setacea_setacea	330	250	2.33	66.54	13.19	1	0	14.23	1.47	31.78	7	28	60	57	21	75	28	71.5	0	2	0	Matt	
1600	3	E_setacea_setacea	260	205	2.96	38.38	11.71	0	0	33.75	1.35	26.57	6	24	61	59	20	72	28.5	71	0	2	0	Matt	
1614	2	E_setacea_setacea	280	260	1.05	57	17.6	1	0	14.93	0.97	27.05	4	31	74	58	19	69	25	65.5	0	2	0		
1614	3	E_setacea_setacea	270	230	1.26	56.83	13.85	1	0	10.27	0.75	22.05	4	21	54	47	16	60	22	58	0	2	0		
1617	2	E_setacea_setacea	890	765	1.46	63.92	21.08	1	0	23.29	1.35	39.41	8	44	62	49	18	63	15	62	0	2	0		
1617	1	E_setacea_setacea	470	365	2.7	90.69	20.74	1	0	14.07	1.45	40.21	7	50	49.5	41	15	63	17	61	0	2	0		
1617	4	E_setacea_setacea	630	530	2.54	58.34	18.61	1	0	7.83	1.28	30.41	7	30	34	31	16	54	16	54	0	2	0		
1610	4	E_setacea_setacea	660	480	2.01	79.83	24.72	1	0	28.38	1.53	50.76	10	50	47	43	17	60	17	59	0	2	0		
1610	1	E_setacea_setacea	400	260	1.85	61.87	24.99	1	0	19.63	1.38	42.01	7	55	47	455	15.5	64	15	62.5	0	2	0		
1629	1	E_setacea_setacea	720	515	2.11	62.62	28.54	1	0	42.82	1.35	48.44	8	44	47	40	16	60	15	59	0	2	0		
1629	3	E_setacea_setacea	640	390	1.73	59.22	33.32	1	0	28.79	1.46	69.02	15	61	43	39	17	57	14	54	0	2	0		
1633	2	E_setacea_setacea	400	325	1.11	74.6	25.76	1	0	21.79	1.27	31.68	5	51	60	59	14	52.5	15	52	0	2	0		
1633	1	E_setacea_setacea	280	235	1.8	38.33	11.89	1	0	6.17	0.71	32.11	6	34	65	57									
1557	3	E_setacea_setacea	355	360	1.46	34.65	3.31	1	0	5.09	0.81	20.24	4	34	41	38	17	53	13	52	0	2	0		
1564	4	E_setacea_setacea	295	215	2.46	76.38	20.49	1	0	12.81	1.22	49.08	9	45	51	45	15	60	19	60	0	2	0		
1569	3	E_setacea_setacea	240	210	2.61	38.98	16.95	1	0	10.98	1.23	53.26	9	43	47	47.5	18	54	12.5	50	0	2	0		
1577	2	E_setacea_setacea	485	265	2.16	92.57	22.37	1	0	19.64	1.51	53.27	13	50	56	54	17	56.5	18	55	0	2	0		
1587	2	E_setacea_setacea	830	800	1.68	45.25	16.88	1	0	21.84	0.69	17.41	3	25	42	35	19	51	15	49.5	0	2	0		
1593	1	E_setacea_setacea	375	360	1.95	52.04	10.04	1	0	18.09	1	26.06	8	12	51.5	52	16	53	17	52.5	0	2	0		
1600	2	E_setacea_setacea	330	260	3.07	31.94	15.39	0	0	6.56	1.27	30.78	6	24	64.5	62	21	74	31	73	0	2	0		
1610	3	E_setacea_setacea	390	295	1.98	62.86	20.13	1	0	14.02	1.14	32.69	7	37	40.5	39	17	55	17	54	0	2	0		
1617	5	E_setacea_setacea	690	640	1.11	62.43	14.46	1	0	18.66	1.31	30.81	5	51	47.5	42	19	61	19	61	0	2	0		
1629	2	E_setacea_setacea	790	585	3.16	79.39	36.62	1	0	47.36	1.49	48.76	11	34	44	36	19	55	17	53	0	2	0		
1631	2	E_setacea_scabra	140	105	2	27.03	11.87	1	0	6.82	0.98	36.52	8	16	46	45	18	60.5	25	59.5	0	2	0		
1636	1	E_setacea_scabra	530	415	2.08	71.72	18.74	1	0	12.59	1.18	47.81	8	70	62	62	19	71.5	37	71	0	2	0		
1644	1	E_setacea_scabra	395	290	4.59	71.83	29.92	0	0	16.83	1.53	57.29	14	49	45.5	47.5	14	64	33	63.5	0	2	0		
1641		E_setacea_scabra	205	145	1.04	32.82	15.82	1	0	7.37	0.95	27.05	5	34	31	28	15	57	26	57	0	2	0		
1589	2	E_setacea_disticha	190	165	2.14	24.66	4.63	2	0	4.60	1.20	15.84	5	9.0	48.0	47.0	14.0	48.0	24.0	45.0	0	2	0		
1597	2	E_setacea_disticha	110	105	1.28	13.41	3.58	1	0	2.16	0.74	5.94	1	40.0	37.0	38.0	12.5	41.0	11.0	40.0	0	2	0		
1598	3	E_setacea_disticha	115	105	0.93	12.73	4.54	2	0	2.59	0.79	7.74	1	11.0	25.0	27.0	14.0	38.5	12.0	36.0	0	2	0		
1599	3	E_setacea_disticha	145	125	1.46	29.80	6.84	1	0	5.20	0.70	13.40	3	14.0	41.5	45.0	14.0	50.0	18.0	49.0	0	2	0		
1572	2	E_setacea_uniflora	395	360	1.51	45.23	17.57	0	0	20.95	0.46	18.28	4	16.0	47.0	45.0	12.0	41.0	15.0	38.5	0	2	0		
1604	4	E_setacea_uniflora	730	705	1.08	76.71	25.20	0	0	60.88	0.35	9.57	2	27.0	48.0	48.0	13.0	44.0	17.0	40.0	0	2	0		
1559	4	E_rupestris_rupestris	325	210	3.22	38.88	12.66	2	0	5.22	1.05	36.19	8	39.0	19.5	19.5	18.0	49.0	24.0	49.0	0	2	0		
1605	4	E_rupestris_rupestris	290	220	3.52	34.81	15.79	2	0	5.17	1.26	36.44	9	30.5	17.0	19.0	18.0	44.0	18.0	42.0	0	2	0		
1634	3	E_rupestris_rupestris	410	335	2.92	37.83	16.21	2	0	5.33	1.46	22.34	4	51.0	21.0	21.0	16.0	50.5	18.0	49.0	0	2	0		
1655	4	E_rupestris_rupestris	345	230	2.32	30.48	15.62	2	0	5.48	0.95	27.90	6	65.0	21.0	20.0	16.0	52.0	26.0	50.0	0	2	0		
1565	3	E_rupestris_dodii	275	275	1.08	44.43	20.40	1	0	47.36	0.63	12.60	3	17.0	15.0	14.0	10.0	41.5	13.0	40.0	0	2	0		
1578	1	E_rupestris_dodii	185	195	1.26	74.30	13.25	1	0	34.45	0.54	10.53	1	67.0	16.0	18.0	9.0	48.0	18.0	45.0	0	2	0		
1602	5	E_rupestris_dodii	170	165	0.84	66.06	9.73	1	0	26.10	0.50	9.10	1	52.0	15.0	14.0	11.0	49.0	17.0	48.0	0	2	0		
1616	3	E_rupestris_dodii	185	165	0.80	40.48	9.11	1	0	8.62	0.44	9.15	1	38.0	12.0	14.0	13.0	48.0	14.0	44.0	0	2	0		
1639	1	E_rupestris_dodii	240	170	1.22	35.42	11.64	1	0	35.27	0.42	13.02	2	40.0	14.0	14.0	11.0	39.0	12.0	38.0	0	2	0		